{"cameraMode":{"drawMode":0,"name":"Shaded","section":"Shading Mode"},"sceneLighting":true,"audioPlay":false,"sceneViewState":{"showFog":false,"showMaterialUpdate":false,"showSkybox":false,"showFlares":false,"showImageEffects":true,"showParticleSystems":true},"in2DMode":false,"pivot":{"x":-0.1934860646724701,"y":-0.012923002243041993,"z":0.06024347245693207},"rotation":{"x":0.0003211938601452857,"y":0.7090812921524048,"z":0.7052505612373352,"w":0.00026858694036491215},"size":8.307902336120606,"orthographic":false}